time_hr,discharge_m3s,model
0.0,0.0,MOCK_DELFT3D
0.3380281690140845,43.164569052289735,MOCK_DELFT3D
0.676056338028169,172.65827620915894,MOCK_DELFT3D
1.0140845070422535,388.4811214706076,MOCK_DELFT3D
1.352112676056338,690.6331048366358,MOCK_DELFT3D
1.6901408450704225,1079.1142263072434,MOCK_DELFT3D
2.028169014084507,1553.9244858824304,MOCK_DELFT3D
2.3661971830985915,2115.0638835621967,MOCK_DELFT3D
2.704225352112676,2762.532419346543,MOCK_DELFT3D
3.0422535211267605,3496.3300932354687,MOCK_DELFT3D
3.380281690140845,4316.4569052289735,MOCK_DELFT3D
3.7183098591549295,5222.9128553270575,MOCK_DELFT3D
4.056338028169014,6215.697943529722,MOCK_DELFT3D
4.394366197183098,6953.576272600343,MOCK_DELFT3D
4.732394366197183,6531.641498682524,MOCK_DELFT3D
5.070422535211268,6135.309227198249,MOCK_DELFT3D
5.408450704225352,5763.025928617887,MOCK_DELFT3D
5.746478873239436,5413.332339744002,MOCK_DELFT3D
6.084507042253521,5084.857743741943,MOCK_DELFT3D
6.422535211267606,4776.314597251409,MOCK_DELFT3D
6.76056338028169,4486.493483518517,MOCK_DELFT3D
7.098591549295774,4214.258371765835,MOCK_DELFT3D
7.436619718309859,3958.542164218242,MOCK_DELFT3D
7.774647887323944,3718.3425133299697,MOCK_DELFT3D
8.112676056338028,3492.7178928173666,MOCK_DELFT3D
8.450704225352112,3280.783907096734,MOCK_DELFT3D
8.788732394366196,3081.709824661105,MOCK_DELFT3D
9.126760563380282,2894.715321807618,MOCK_DELFT3D
9.464788732394366,2719.067423951657,MOCK_DELFT3D
9.80281690140845,2554.077632538422,MOCK_DELFT3D
10.140845070422536,2399.099226290113,MOCK_DELFT3D
10.47887323943662,2253.5247262102303,MOCK_DELFT3D
10.816901408450704,844.9282850332725,MOCK_DELFT3D
11.154929577464788,823.7768180128936,MOCK_DELFT3D
11.492957746478872,803.1548451105826,MOCK_DELFT3D
11.830985915492958,783.0491112636621,MOCK_DELFT3D
12.169014084507042,763.4466932293575,MOCK_DELFT3D
12.507042253521126,744.3349912782006,MOCK_DELFT3D
12.845070422535212,725.7017210953769,MOCK_DELFT3D
13.183098591549296,707.5349058848095,MOCK_DELFT3D
13.52112676056338,689.8228686709057,MOCK_DELFT3D
13.859154929577464,672.5542247930159,MOCK_DELFT3D
14.197183098591548,655.7178745877843,MOCK_DELFT3D
14.535211267605634,639.3029962546838,MOCK_DELFT3D
14.873239436619718,623.2990389001518,MOCK_DELFT3D
15.211267605633802,607.6957157558554,MOCK_DELFT3D
15.549295774647888,592.4829975667261,MOCK_DELFT3D
15.887323943661972,577.6511061445159,MOCK_DELFT3D
16.225352112676056,563.1905080827289,MOCK_DELFT3D
16.56338028169014,549.0919086288911,MOCK_DELFT3D
16.901408450704224,535.346245710217,MOCK_DELFT3D
17.239436619718308,521.9446841088352,MOCK_DELFT3D
17.577464788732392,508.8786097828285,MOCK_DELFT3D
17.91549295774648,496.13962432943714,MOCK_DELFT3D
18.253521126760564,483.71953958686754,MOCK_DELFT3D
18.591549295774648,471.61037237123634,MOCK_DELFT3D
18.929577464788732,459.8043393452666,MOCK_DELFT3D
19.267605633802816,448.29385201543903,MOCK_DELFT3D
19.6056338028169,437.07151185438056,MOCK_DELFT3D
19.943661971830984,426.1301055453576,MOCK_DELFT3D
20.281690140845072,415.4626003458147,MOCK_DELFT3D
20.619718309859156,405.0621395669815,MOCK_DELFT3D
20.95774647887324,394.9220381666388,MOCK_DELFT3D
21.295774647887324,385.03577845221406,MOCK_DELFT3D
21.633802816901408,375.39700589144314,MOCK_DELFT3D
21.971830985915492,365.99952502790563,MOCK_DELFT3D
22.309859154929576,356.8372954988075,MOCK_DELFT3D
22.64788732394366,347.90442815245405,MOCK_DELFT3D
22.985915492957744,339.19518126291405,MOCK_DELFT3D
23.323943661971832,330.7039568394454,MOCK_DELFT3D
23.661971830985916,322.4252970283079,MOCK_DELFT3D
24.0,314.35388060465067,MOCK_DELFT3D
